ID,Place (x),Knowledge (y),Action (z),ETName
3207,0.0625,0.0625,0,Other
3208,0.0625,-0.3125,0.875,Indigenous Justice
3209,-0.25,-0.1875,0.4375,Earth Justice
3212,0.0625,-0.375,0.375,Indigenous Justice
3220,-0.125,0.0625,0.375,Earth Justice
3221,-0.125,0.0625,-0.375,Small Green Steps
3223,-0.8125,-0.0625,0.5,Earth Justice
3224,-0.3125,-0.5625,0.75,Indigenous Justice
3227,0,0.25,0.75,Science Policy
3228,-0.3125,-0.625,0.25,Ecospirituality
3229,-0.1875,-0.4375,0.5625,Indigenous Justice
3230,-0.6875,0,0.5,Earth Justice
3232,-0.0625,0.25,0.5,Science Policy
3243,-0.125,-0.5,0.125,Ecospirituality
3244,-0.125,0,0.6875,Earth Justice
3249,0.3125,-0.0625,1,Indigenous Justice
3250,-0.5625,-0.1875,0.375,Earth Justice
3251,-0.4375,0.875,0,Ecoscience
3252,-0.5,-0.1875,0.0625,Ecospirituality
3253,-0.125,0.0625,0.1875,Earth Justice
3254,-0.3125,-0.125,0,Ecospirituality
3255,-0.3125,0.3125,0.25,Ecoscience
3256,-0.1875,0,-0.125,Small Green Steps
3257,0,-0.1875,0.0625,Other
3258,-0.75,0.125,0.3125,Earth Justice
3284,0.375,-0.375,0,Indigenous Justice
3285,-0.375,-0.1875,0.0625,Ecospirituality
3286,0.3125,-0.625,0.5,Indigenous Justice
3280,-0.0625,-0.3125,-0.1875,Ecospirituality
3281,-0.5625,-0.1875,0.0625,Ecospirituality
3282,-0.1875,-0.0625,0.8125,Earth Justice
3283,-0.4375,0.25,0,Ecoscience
3292,0.1875,-0.1875,0.375,Indigenous Justice
3293,0.25,0.1875,0.125,Science for Humanity
3294,-0.5,0.25,0.75,Earth Justice
3295,0.4375,0.75,0,Science for Humanity
3296,-0.125,-0.25,0.5,Indigenous Justice
3297,-0.3125,0.4375,0,Ecoscience
3298,-0.375,-0.125,0.4375,Earth Justice
3300,0,0.0625,0.1875,Other
3301,-0.375,-0.25,0.125,Ecospirituality
3302,-0.25,0,0.625,Earth Justice
3303,-0.0625,-0.3125,-0.125,Ecospirituality
3304,-0.625,0,0.125,Earth Justice
3305,0.1875,0.125,0.5,Science Policy
3306,0.125,-0.3125,-0.0625,Other
3307,-0.375,-0.0625,0.375,Earth Justice
3308,0.125,-0.625,0.75,Indigenous Justice
3309,-0.25,-0.3125,0.1875,Ecospirituality
3310,-0.25,-0.6875,-0.125,Ecospirituality
3311,-0.25,-0.1875,-0.25,Small Green Steps
3312,-0.375,0,-0.25,Small Green Steps
3313,-0.0625,-0.0625,0.625,Earth Justice
3314,0.0625,-0.1875,0.375,Indigenous Justice
3315,-0.5,0.25,0.125,Ecoscience
3316,-0.625,-0.375,0.25,Ecospirituality
3321,-0.6875,-0.25,0.1875,Ecospirituality
3324,-0.375,-0.25,-0.1875,Ecospirituality
3325,-0.1875,0,0.8125,Earth Justice
3326,-0.625,-0.5625,0.3125,Ecospirituality
3327,-0.375,0,0.4375,Earth Justice
3328,-0.0625,-0.6875,0.75,Indigenous Justice
3330,-0.125,-0.0625,0.8125,Earth Justice
3331,-0.375,-0.25,0,Ecospirituality
3333,0.125,-0.25,-0.1875,Other
3334,-0.625,-0.25,0.8125,Earth Justice
3335,0,-0.1875,-0.0625,Other
3336,-0.3125,-0.375,-0.125,Ecospirituality
3338,0.0625,0.125,0,Other
3340,-0.25,0,0.5625,Earth Justice
3341,-0.75,-0.625,0.5625,Ecospirituality
3342,0.0625,0.3125,0.375,Science Policy
3343,-0.125,0.0625,0.25,Earth Justice
3344,0.25,0.125,0.625,Science Policy
3345,0.0625,0.25,0.375,Science Policy
3346,-0.375,-0.4375,0.25,Ecospirituality
3347,0.1875,0.25,0.0625,Science for Humanity
3348,-0.375,-0.25,0.375,Earth Justice
3349,-0.375,-0.3125,0,Ecospirituality
3350,-0.25,-0.1875,0.25,Earth Justice
3351,-0.1875,-0.1875,0.4375,Earth Justice
3352,-0.4375,-0.25,0.9375,Earth Justice
3354,-0.0625,0.1875,-0.1875,Other
3355,-0.4375,0.3125,0.3125,Ecoscience
3356,-0.1875,-0.25,0.3125,Indigenous Justice
3358,-0.125,0.1875,0.625,Science Policy
3359,-0.25,0.0625,0.125,Earth Justice
3360,0.1875,0.5,0.3125,Science Policy
3361,-0.25,-0.375,0.5,Indigenous Justice
3362,0.0625,0.5,0.4375,Science Policy
3363,0.0625,0.5625,-0.3125,Science for Humanity
3364,-0.0625,-0.1875,0.6875,Indigenous Justice
3366,-0.4375,-0.0625,0.0625,Ecospirituality
3367,-0.25,-0.3125,0.375,Indigenous Justice
3373,-0.1875,0.1875,0.3125,Earth Justice
3383,0.0625,-0.0625,0.375,Indigenous Justice
3384,-0.3125,-0.0625,0.5,Earth Justice
3386,-0.3125,0,-0.25,Small Green Steps
3388,-0.125,0.3125,0.5625,Science Policy
3389,-0.1875,-0.375,0,Ecospirituality
3390,0.25,0.0625,0.75,Science Policy
3391,0.0625,0.25,0.25,Science Policy
3394,0.0625,0.125,0.125,Other
3400,-0.0625,0.125,0.0625,Other
3401,0.0625,0.1875,-0.0625,Other
3402,-0.75,0.125,-0.3125,Small Green Steps
3403,0.5,0.4375,0.8125,Science Policy
3407,-0.4375,-0.375,0.625,Earth Justice
3408,-0.3125,-0.125,0.25,Earth Justice
3409,0.4375,0.8125,0.25,Science for Humanity
3411,-0.0625,0.0625,0.375,Earth Justice
3412,-0.125,-0.1875,0.5625,Indigenous Justice
3414,-0.3125,0.1875,0.125,Ecoscience
3416,-0.5,-0.6875,0.9375,Indigenous Justice
3422,-0.5,-0.3125,-0.5,Small Green Steps
3429,0.4375,0.625,0.75,Science Policy
3430,0.1875,-0.1875,0.6875,Indigenous Justice
3434,-0.125,0.75,0.9375,Science Policy
3438,-0.25,-0.0625,0.1875,Earth Justice
3439,-0.4375,0.6875,0.375,Ecoscience
3442,-0.25,-0.3125,0.0625,Ecospirituality
3443,-0.1875,-0.125,-0.0625,Ecospirituality
3444,-0.1875,0.3125,-0.125,Ecoscience
3445,-0.4375,-0.25,0.3125,Earth Justice
3446,-0.125,0.3125,0.4375,Science Policy
3449,0,-0.25,0.5,Indigenous Justice
3451,-0.375,0,0.0625,Earth Justice
3452,0,-0.0625,-0.1875,Other
3453,0.125,-0.0625,0.0625,Other
3454,0,0.25,0,Other
3455,0,-0.0625,-0.375,Small Green Steps
3456,-0.25,-0.3125,-0.3125,Ecospirituality
3457,-0.25,0.125,-0.125,Ecoscience
3458,0.1875,0.1875,-0.125,Science for Humanity
3459,-0.25,-0.125,0.375,Earth Justice
3460,-0.3125,-0.25,0.125,Ecospirituality
3461,-0.0625,-0.1875,-0.5,Small Green Steps
3462,0.125,0,0.0625,Other
3463,-0.125,-0.125,0.625,Earth Justice
3464,-0.125,0.0625,-0.375,Small Green Steps
3465,-0.375,0.125,0.125,Ecoscience
3466,-0.25,0.375,-0.625,Small Green Steps
3467,-0.4375,0.0625,0,Ecoscience
3468,-0.25,-0.125,-0.1875,Small Green Steps
3470,-0.25,-0.3125,-0.1875,Ecospirituality
3471,-0.5,-0.1875,0.375,Earth Justice
3472,-0.3125,0.25,0.4375,Earth Justice
3473,-0.4375,0.375,0.9375,Earth Justice
3474,0.125,0.0625,-0.0625,Other
3475,-0.3125,-0.125,-0.125,Ecospirituality
3476,-0.3125,0.4375,0.3125,Ecoscience
3478,-0.625,-0.125,0.75,Earth Justice
3479,-0.125,0,-0.625,Small Green Steps
3480,0.125,0.125,-0.375,Other
3481,-0.125,0,-0.125,Other
3482,-0.1875,0.125,-0.25,Small Green Steps
3483,0.125,0,-0.0625,Other
3485,-0.0625,-0.0625,0,Other
3487,-0.0625,-0.0625,-0.25,Small Green Steps
3488,-0.125,0.0625,0.375,Earth Justice
3489,-0.0625,0.125,-0.0625,Other
3490,-0.25,-0.25,-0.5,Small Green Steps
3499,-0.375,0,0.8125,Earth Justice
3500,-0.1875,0.3125,-0.4375,Small Green Steps
3501,0,-0.125,-0.25,Other
3502,-0.1875,-0.0625,0.75,Earth Justice
3503,0,0,-0.1875,Other
3505,-0.1875,-0.1875,0.5,Earth Justice
3506,-0.25,0,0.5,Earth Justice
3507,-0.125,0.1875,-0.3125,Small Green Steps
3508,0.0625,0.0625,-0.3125,Other
3510,-0.1875,-0.375,-0.0625,Ecospirituality
3511,-0.375,0.25,0.75,Earth Justice
3512,-0.1875,0.1875,0.5625,Earth Justice
3513,-0.9375,-0.8125,0.0625,Ecospirituality
3516,0.1875,0.4375,0.0625,Science for Humanity
3517,-0.3125,0,0.6875,Earth Justice
3518,0,-0.25,0.125,Indigenous Justice
3520,-0.0625,-0.1875,0.25,Indigenous Justice
3521,0.125,-0.3125,0.8125,Indigenous Justice
3522,-0.3125,-0.0625,0,Ecospirituality
3523,-0.6875,-0.125,-0.125,Ecospirituality
3524,-0.625,-0.3125,-0.3125,Ecospirituality
3525,0.375,0.1875,-0.25,Science for Humanity
3528,0.4375,-0.125,0.875,Indigenous Justice
3529,-0.5,-0.5,0.9375,Earth Justice
3530,-0.6875,-0.125,0.25,Earth Justice
3531,0,0,-0.4375,Small Green Steps
3532,-0.125,0,-0.5625,Small Green Steps
3533,-0.5,-0.3125,0,Ecospirituality
3534,-0.6875,-0.5,0.125,Ecospirituality
3535,-0.3125,0.375,0.8125,Science Policy
3536,-0.25,0,-0.3125,Small Green Steps
3537,-0.375,0.3125,-0.25,Ecoscience
3538,-0.375,0.25,0.25,Ecoscience
3539,-0.375,0.1875,0,Ecoscience
3540,-0.25,0.3125,-0.0625,Ecoscience
3541,-0.5625,-0.75,0.4375,Ecospirituality
3542,-0.6875,-0.0625,0.0625,Ecospirituality
3543,-0.625,-0.0625,0.9375,Earth Justice
3544,-0.25,0.25,-0.5625,Small Green Steps
3545,0,-0.125,0.1875,Indigenous Justice
3546,-0.3125,0.3125,0.5,Earth Justice
3547,-0.5,0.125,0.6875,Earth Justice
3548,-0.5625,-0.0625,0.5625,Earth Justice
3549,-0.1875,0.3125,0.125,Ecoscience
3550,-0.0625,0.375,-0.0625,Ecoscience
3551,-0.1875,-0.25,-0.5,Small Green Steps
3552,-0.5,-0.0625,0.5625,Earth Justice
3553,-0.4375,-0.25,-0.1875,Ecospirituality
3554,-0.3125,-0.0625,-0.375,Small Green Steps
3555,-0.25,-0.25,-0.5625,Small Green Steps
3556,0,-0.3125,0.1875,Indigenous Justice
3557,-0.625,-0.0625,0.625,Earth Justice
3558,-0.3125,0.1875,0.5,Earth Justice
3559,-0.75,-0.5625,0.5625,Ecospirituality
3560,-0.5625,-0.4375,0.5625,Earth Justice
3561,-0.3125,-0.1875,0.25,Earth Justice
3562,-0.375,-0.375,0.4375,Earth Justice
3563,0.375,0.625,0.6875,Science Policy
3564,0,-0.375,0.9375,Indigenous Justice
3565,-0.3125,-0.5,0.4375,Indigenous Justice
3566,-0.375,0.0625,0.4375,Earth Justice
3567,-0.1875,-0.0625,0.0625,Other
3568,-0.5,-0.3125,0.3125,Ecospirituality
3569,-0.125,0.0625,-0.0625,Other
3570,-0.4375,-0.0625,0,Ecospirituality
3572,-0.1875,-0.1875,0.625,Earth Justice
3573,0.1875,-0.4375,0.6875,Indigenous Justice
3574,-0.0625,-0.125,0.875,Indigenous Justice
3575,0.0625,0.3125,0,Science for Humanity
3576,-0.625,-0.25,-0.5,Small Green Steps
3578,-0.25,0.5625,-0.0625,Ecoscience
3579,-0.4375,0.25,0.8125,Earth Justice
3580,-0.375,-0.375,0.0625,Ecospirituality
3581,-0.4375,-0.125,0.8125,Earth Justice
3582,-0.125,0.125,0.3125,Earth Justice
3583,-0.1875,0.75,0.25,Science Policy
3587,-0.1875,0.0625,0.5,Earth Justice
3588,-0.4375,0,0.625,Earth Justice
3590,0,0.1875,0.0625,Other
3591,-0.25,-0.4375,0.4375,Indigenous Justice
3592,0.0625,0.625,0.9375,Science Policy
3593,-0.25,0,0.0625,Earth Justice
3594,-0.375,0.0625,0.1875,Earth Justice
3595,-0.5625,0.1875,0.25,Earth Justice
3596,-0.6875,0,0.1875,Earth Justice
3597,0.1875,-0.125,0.375,Indigenous Justice
3598,-0.0625,0.3125,0.3125,Science Policy
3599,-0.375,0.125,0.5625,Earth Justice
3601,-0.3125,-0.0625,0.4375,Earth Justice
3602,-0.4375,-0.375,0.625,Earth Justice
3603,0,0.125,0.25,Science Policy
3606,-0.0625,-0.0625,0,Other
3607,-0.125,-0.0625,0.1875,Earth Justice
3608,-0.375,-0.125,0.75,Earth Justice
3610,-0.375,-0.1875,0.3125,Earth Justice
3611,-0.1875,0.25,0.6875,Science Policy
3612,-0.4375,-0.25,0.25,Ecospirituality
3613,-0.5,0.125,0.9375,Earth Justice
3616,-0.0625,0.4375,0.25,Science Policy
3618,0,0.0625,-0.1875,Other
3620,-0.4375,-0.0625,0.5625,Earth Justice
3621,0,-0.4375,0.625,Indigenous Justice
3622,-0.0625,0,-0.0625,Other
3623,-0.5625,-0.75,0.625,Indigenous Justice
3624,-0.5,0.0625,0.4375,Earth Justice
3625,-0.1875,0.0625,0.0625,Other
3631,-0.125,-0.4375,0.3125,Indigenous Justice
3632,-0.4375,0.0625,0.25,Earth Justice
3633,0.3125,0.1875,-0.25,Science for Humanity
3634,-0.125,-0.0625,0.5625,Earth Justice
3635,-0.1875,-0.3125,-0.3125,Ecospirituality
3636,-0.3125,-0.0625,0.3125,Earth Justice
3637,-0.0625,-0.375,0.1875,Indigenous Justice
3638,-0.625,-0.25,0.25,Ecospirituality
3639,-0.375,-0.125,0.3125,Earth Justice
3641,-0.3125,0.3125,0.5,Earth Justice
3642,-0.1875,-0.1875,0.5625,Earth Justice
3643,-0.25,0.125,0.5,Earth Justice
3644,0.25,0.125,-0.0625,Science for Humanity
3645,-0.0625,0.4375,-0.375,Ecoscience
3646,-0.4375,-0.4375,0.25,Ecospirituality
3647,-0.9375,0.3125,0,Ecoscience
3651,-0.375,-0.6875,-0.0625,Ecospirituality
3652,-0.625,-0.5,0.5,Ecospirituality
3655,-0.3125,0.125,0.5625,Earth Justice
3656,0,0,-0.125,Other
3657,-0.625,-0.5,0.0625,Ecospirituality
3658,-0.4375,0.1875,0.1875,Ecoscience
3660,-0.125,-0.125,0.4375,Earth Justice
3661,-0.5,-0.0625,0.4375,Earth Justice
3662,-0.125,0.25,0,Ecoscience
3663,-0.6875,0.625,0.5625,Ecoscience
3664,-0.5625,-0.4375,0.1875,Ecospirituality
3665,-0.3125,-0.0625,0.3125,Earth Justice
3666,-0.5,0.125,0.3125,Earth Justice
3667,-0.125,-0.3125,0.5625,Indigenous Justice
3669,-0.4375,-0.4375,0.0625,Ecospirituality
3673,-0.375,-0.0625,0.3125,Earth Justice
3674,-0.3125,0.375,0.3125,Ecoscience
3678,-0.125,0,0.1875,Earth Justice
3679,-0.3125,0.125,0.625,Earth Justice
3682,-0.4375,-0.3125,0.375,Earth Justice
3683,-0.5,-0.0625,0.6875,Earth Justice
3684,-0.3125,-0.6875,0.1875,Ecospirituality
3685,0.0625,-0.1875,0.5625,Indigenous Justice
3686,-0.125,-0.375,0.625,Indigenous Justice
3687,-0.125,-0.25,0.375,Indigenous Justice
3688,-0.375,-0.375,-0.5,Small Green Steps
3690,-0.5,0.25,0.4375,Earth Justice
3692,0,0.0625,0.25,Science Policy
3701,0.125,-0.4375,-0.0625,Indigenous Justice
3702,-0.375,-0.3125,-0.1875,Ecospirituality
3704,-0.375,-0.1875,0.25,Earth Justice
3708,-0.25,0.25,0.5625,Earth Justice
3713,-0.3125,-0.125,-0.0625,Ecospirituality
3722,-0.125,-0.0625,0.5,Earth Justice
3723,-0.6875,-0.125,0.1875,Earth Justice
3724,-0.25,0.25,0.3125,Earth Justice
3726,-0.1875,0,-0.125,Small Green Steps
3730,-0.5,-0.3125,0.625,Earth Justice
3731,-0.25,0.3125,0.6875,Science Policy
3732,-0.5625,0.0625,0.75,Earth Justice
3734,-0.1875,0.25,0.5,Science Policy
3735,-0.5625,0.125,0.3125,Earth Justice
3738,-0.375,0,0.1875,Earth Justice
3739,-0.3125,0.375,0.875,Science Policy
3740,-0.375,-0.6875,0.9375,Indigenous Justice
3741,0,-0.0625,0.75,Indigenous Justice
3742,-0.6875,-0.25,0.6875,Earth Justice
3743,-0.5,0.0625,0.3125,Earth Justice
3747,-0.6875,-0.375,0.25,Ecospirituality
3752,-0.5625,0.0625,0.25,Earth Justice
3757,-0.0625,0.125,0.75,Science Policy
3758,-0.3125,-0.625,0.6875,Indigenous Justice
3759,-0.1875,0.1875,0.25,Earth Justice
3761,0.0625,0,0.0625,Other
3762,-0.6875,-0.125,0.625,Earth Justice
3763,0.25,-0.6875,1,Indigenous Justice
3764,-0.3125,-0.25,0.4375,Earth Justice
3765,-0.5,-0.1875,-0.3125,Small Green Steps
3766,-0.125,0.25,0.0625,Ecoscience
3767,-0.4375,-0.625,0.6875,Indigenous Justice
3768,-0.4375,0.0625,0,Ecoscience
3769,-1,-0.5,0.9375,Earth Justice
3770,-0.5625,0.0625,0.25,Earth Justice
3772,-0.3125,-0.1875,0.8125,Earth Justice
3775,-0.1875,-0.125,-0.125,Ecospirituality
3777,0.125,-0.3125,-0.125,Other
3778,0.25,0.25,-0.3125,Science for Humanity
3782,-0.5,-0.0625,0.375,Earth Justice
3785,-0.3125,-0.3125,0,Ecospirituality
3786,-0.0625,-0.3125,-0.125,Ecospirituality
3787,-0.9375,-0.25,0,Ecospirituality
3791,-0.125,-0.1875,0.3125,Indigenous Justice
3811,-0.3125,-0.1875,-0.0625,Ecospirituality
3813,-0.1875,-0.375,-0.25,Ecospirituality
3815,-0.3125,-0.5625,-0.0625,Ecospirituality
3819,-0.5,-0.5,0.8125,Earth Justice
3826,0.0625,-0.4375,0.25,Indigenous Justice
3828,-0.5,-0.25,0.0625,Ecospirituality
3829,-0.9375,-0.9375,0.1875,Ecospirituality
3830,0.25,0.25,0.3125,Science Policy
3831,-0.375,-0.4375,0.75,Indigenous Justice
3836,-0.375,0,0.375,Earth Justice
3838,-0.1875,-0.0625,0.5,Earth Justice
3840,-0.0625,-0.375,0.8125,Indigenous Justice
3841,0,0.0625,-0.0625,Other
3842,-0.8125,-0.25,-0.3125,Small Green Steps
3843,-0.3125,-0.0625,-0.1875,Small Green Steps
3844,-0.125,0.0625,0.5625,Earth Justice
3845,0,0.125,0.0625,Other
3846,-0.3125,-0.0625,0.5625,Earth Justice
3847,-0.4375,0,0.625,Earth Justice
3851,-0.0625,-0.3125,0.25,Indigenous Justice
3852,-0.3125,-0.0625,0.8125,Earth Justice
3854,-0.1875,0,-0.1875,Small Green Steps
3858,-0.375,-0.125,0.4375,Earth Justice
3862,-0.5625,-0.5,-0.0625,Ecospirituality
3871,-0.25,0.4375,0.375,Science Policy
3881,-0.6875,-0.3125,0.0625,Ecospirituality
3882,-0.4375,-0.375,0.25,Ecospirituality
3900,-0.5,0,0.625,Earth Justice
3901,-0.0625,0.4375,0.8125,Science Policy
3921,-0.3125,0.1875,0.1875,Ecoscience
3959,-0.25,0.25,0.8125,Earth Justice
3964,-0.5,0.1875,-0.1875,Ecoscience
3977,-0.3125,0.4375,0.5,Science Policy
3986,-0.5625,0.25,0.1875,Ecoscience
3987,-0.5625,0,0.1875,Earth Justice
3998,0.125,0.25,0.9375,Science Policy
4001,-0.125,0.25,0.8125,Science Policy
4012,-0.5625,-0.25,0.5,Earth Justice
4013,-0.3125,-0.0625,0.625,Earth Justice
4016,-0.625,-0.25,0.125,Ecospirituality
4022,-0.5,-0.25,-0.0625,Ecospirituality
4024,-0.1875,-0.4375,0.75,Indigenous Justice
4025,-0.3125,0.5,-0.0625,Ecoscience
4029,-0.25,-0.5625,0.6875,Indigenous Justice
4035,-0.375,-0.25,0.3125,Earth Justice
4037,-0.25,-0.125,0.9375,Earth Justice
4040,-0.125,0.3125,0.75,Science Policy
4041,-0.1875,0.25,0.8125,Science Policy
4042,-0.4375,-0.0625,0.125,Earth Justice
4043,-0.1875,-0.1875,-0.25,Small Green Steps
4044,-0.4375,0.1875,-0.0625,Ecoscience
4045,-0.3125,-0.25,-0.125,Ecospirituality
4046,-0.4375,-0.4375,-0.125,Ecospirituality
4047,-0.125,0,-0.1875,Small Green Steps
4048,-0.25,-0.4375,0.4375,Indigenous Justice
4049,-0.0625,-0.375,0.875,Indigenous Justice
4050,-0.25,0.3125,0.75,Science Policy
4051,0.25,0.3125,0.8125,Science Policy
4052,-0.5,-0.375,-0.25,Ecospirituality
4053,-0.4375,0.375,0.375,Ecoscience
4054,-0.5625,-0.125,0.5625,Earth Justice
4055,-0.3125,-0.25,-0.125,Ecospirituality
4056,0,-0.125,0.25,Indigenous Justice
4057,0.125,-0.3125,-0.1875,Other
4058,-0.625,-0.625,0,Ecospirituality
4059,0.1875,-0.25,-0.0625,Other
4060,-0.375,0.1875,0.625,Earth Justice
4061,-0.25,0.1875,0,Ecoscience
4062,-0.3125,0.1875,0.25,Earth Justice
4063,-0.4375,-0.375,-0.625,Small Green Steps
4064,-0.125,-0.125,-0.25,Small Green Steps
4065,-0.0625,-0.3125,-0.375,Small Green Steps
4066,-0.375,-0.1875,0.0625,Ecospirituality
4067,0,-0.125,-0.1875,Other
4068,-0.6875,-0.5625,0.9375,Earth Justice
4069,-0.3125,0.1875,0.1875,Ecoscience
4070,-0.625,-0.5625,0.5,Ecospirituality
4071,-0.125,-0.25,0.625,Indigenous Justice
4073,-0.375,-0.1875,0.5625,Earth Justice
4074,-0.375,-0.0625,-0.5,Small Green Steps
4075,-0.75,-0.125,-0.3125,Small Green Steps
4076,-0.375,-0.125,0.1875,Earth Justice
4077,0,0.5,0.4375,Science Policy
4079,-0.0625,-0.25,-0.3125,Small Green Steps
4090,-0.3125,-0.3125,0.375,Earth Justice
4097,-0.1875,0.375,-0.5,Small Green Steps
4099,-0.25,0.0625,0.5,Earth Justice
4114,-0.375,-0.1875,0.5625,Earth Justice
4121,0.5625,0.25,-0.125,Science for Humanity
4143,-0.5625,-0.5625,-0.125,Ecospirituality
4148,-0.375,-0.375,-0.0625,Ecospirituality
4149,0.125,0,0.1875,Other
4151,-0.625,-0.625,-0.4375,Ecospirituality
4174,-0.4375,-0.875,0.6875,Indigenous Justice
4177,-0.125,0,-0.25,Small Green Steps
4178,-0.8125,0.4375,0.4375,Ecoscience
4180,0,-0.4375,0.3125,Indigenous Justice
4183,-0.1875,-0.3125,0.875,Indigenous Justice
4184,-0.375,-0.1875,-0.25,Small Green Steps
4186,-0.125,-0.0625,-0.25,Small Green Steps
4187,-0.1875,0.1875,-0.125,Ecoscience
4188,-0.4375,-0.3125,-0.25,Ecospirituality
4189,0,0.375,0.3125,Science Policy
4190,-0.1875,-0.125,0.1875,Earth Justice
4199,-0.0625,-0.125,-0.1875,Other
4201,-0.0625,0.25,0.4375,Science Policy
4203,0.3125,0.5625,0.3125,Science Policy
4209,-0.375,-0.5,0.25,Ecospirituality
4210,-0.5,0.25,0.25,Ecoscience
4213,0.4375,0.375,0.5625,Science Policy
4219,-0.8125,0.375,0.5,Earth Justice
4225,-0.375,-0.25,0.8125,Earth Justice
4227,-0.5,-0.1875,0.625,Earth Justice
4228,-0.75,0.5,0.125,Ecoscience
4231,-0.25,0.1875,0.25,Earth Justice
4232,-0.375,0.0625,-0.0625,Ecoscience
4234,-0.5,0.3125,0.75,Earth Justice
4235,0.0625,0.5625,0.75,Science Policy
4237,-0.5,0.125,0.875,Earth Justice
4238,-0.375,0.0625,0.4375,Earth Justice
4240,0.125,0,0.125,Other
4242,-0.3125,0.0625,0.5625,Earth Justice
4243,0.1875,0.5625,0.1875,Science Policy
4245,0.0625,0.0625,0.5625,Science Policy
4250,-0.5,0.1875,0.25,Earth Justice
4252,0,0,-0.25,Other
4253,-0.0625,0,0.0625,Other
4256,0,-0.1875,0.1875,Indigenous Justice
4261,-0.375,0.0625,0.1875,Earth Justice
4265,-0.625,-0.25,0.1875,Ecospirituality
4266,-0.6875,0.125,0.25,Earth Justice
4272,0.0625,0.0625,0.5,Science Policy
4273,-0.25,-0.25,0.1875,Ecospirituality
4277,0.125,-0.0625,0.1875,Other
4282,0.1875,-0.0625,-0.1875,Other
4291,0.1875,0.1875,-0.125,Science for Humanity
4292,-0.4375,-0.0625,-0.25,Small Green Steps
4293,-0.5625,-0.0625,0.5625,Earth Justice
4296,0.125,0,0.25,Other
4298,-0.1875,-0.1875,1,Earth Justice
4300,-0.5,0,0.125,Earth Justice
4315,-0.75,-0.0625,0.25,Earth Justice
4325,-0.5,-0.0625,-0.25,Small Green Steps
4327,-0.0625,-0.3125,-0.125,Ecospirituality
4329,0.0625,0,0.1875,Other
4330,-0.75,0.0625,0.6875,Earth Justice
4331,-0.0625,-0.5,0.625,Indigenous Justice
4332,0.1875,0,-0.0625,Other
4334,-0.25,0.4375,0.8125,Science Policy
4336,-0.125,-0.25,-0.0625,Ecospirituality
4337,-0.125,-0.25,-0.0625,Ecospirituality
4339,-0.5,0.0625,-0.125,Small Green Steps
4340,-0.5625,-0.1875,-0.3125,Small Green Steps
4342,-0.1875,0.125,-0.125,Ecoscience
4345,-0.1875,0.125,-0.125,Ecoscience
4347,-0.75,-0.4375,0.375,Ecospirituality
4348,-0.3125,-0.125,-0.1875,Small Green Steps
4350,0.0625,0.25,0.5,Science Policy
4352,0.125,0.3125,0.375,Science Policy
4353,-0.6875,-0.6875,0.5,Ecospirituality
4354,-0.375,0.125,-0.375,Small Green Steps
4357,0,0,-0.3125,Small Green Steps
4358,-0.3125,0,-0.1875,Small Green Steps
4360,0.0625,-0.0625,0.125,Other
4361,-0.25,-0.3125,-0.0625,Ecospirituality
4362,-0.25,-0.125,0.25,Earth Justice
4363,-0.375,-0.25,0.5,Earth Justice
4367,-0.1875,-0.0625,0.125,Earth Justice
4369,0,0.75,-0.25,Ecoscience
4375,-0.125,0.125,-0.3125,Small Green Steps
4376,-0.3125,0,0.6875,Earth Justice
4378,0.125,0.6875,0.625,Science Policy
4379,0.5,-0.1875,0.375,Indigenous Justice
4380,0.3125,-0.25,0.6875,Indigenous Justice
4381,-0.5625,0.5625,0.1875,Ecoscience
4382,0.5,0.25,0.125,Science for Humanity
4383,-0.1875,-0.6875,0.75,Indigenous Justice
4384,0.125,0.6875,0.6875,Science Policy
4386,0.375,0.125,0.6875,Science Policy
4387,-0.3125,0.25,0.1875,Ecoscience
4388,-0.375,-0.125,-0.3125,Small Green Steps
4391,-0.0625,-0.1875,0.3125,Indigenous Justice
4392,-0.125,0.125,0.5625,Earth Justice
4393,-0.375,0.125,0.4375,Earth Justice
4395,0.375,0.25,-0.1875,Science for Humanity
4396,-0.375,-0.0625,-0.3125,Small Green Steps
4398,-0.625,0.125,0.5625,Earth Justice
4400,-0.1875,-0.25,0.3125,Indigenous Justice
4401,0.125,-0.3125,0.4375,Indigenous Justice
4402,-0.625,-0.5,0.6875,Earth Justice
4404,-0.5625,0,0.8125,Earth Justice
4405,0.125,-0.0625,0.25,Indigenous Justice
4406,-0.4375,-0.125,0.25,Earth Justice
4408,-0.1875,0.0625,-0.375,Small Green Steps
4413,-0.5,-0.1875,0.875,Earth Justice
4416,-0.1875,-0.25,0.375,Indigenous Justice
4418,-0.1875,0.125,0.1875,Earth Justice
4420,-0.25,-0.75,0.5,Indigenous Justice
4421,-0.25,0.1875,0.0625,Ecoscience
4426,-0.3125,-0.125,-0.4375,Small Green Steps
4429,0.3125,0.5625,1,Science Policy
4430,-0.4375,-0.25,0.25,Ecospirituality
4433,-0.0625,-0.0625,-0.0625,Other
4436,-0.3125,0.1875,0,Ecoscience
4437,-0.3125,0.0625,0.25,Earth Justice
4440,-0.375,-0.25,0.3125,Earth Justice
4446,0.125,0,0.3125,Indigenous Justice
4448,0.25,0.3125,-0.0625,Science for Humanity
4450,0.25,-0.375,0.3125,Indigenous Justice
4451,-0.5625,0.125,-0.125,Ecoscience
4453,-0.3125,-0.3125,0.3125,Ecospirituality
4455,-0.1875,-0.125,-0.125,Ecospirituality
4456,-0.125,0.125,0.1875,Earth Justice
4457,0.1875,-0.25,0.625,Indigenous Justice
4458,0.125,-0.375,-0.1875,Other
4464,-0.375,-0.25,0.1875,Ecospirituality
4466,-0.125,0.1875,0.5,Science Policy
4472,0.125,0.125,0,Other
4473,0,-0.4375,0.375,Indigenous Justice
4476,0.0625,0.0625,0,Other
4478,0.4375,-0.1875,0.8125,Indigenous Justice
4479,0.375,-0.125,0.75,Indigenous Justice
4485,-0.3125,0.1875,0.375,Earth Justice
4487,-0.3125,0.125,0.125,Ecoscience
4488,-0.1875,0.0625,-0.125,Small Green Steps
4491,-0.0625,0.125,-0.125,Other
4492,-0.0625,-0.3125,-0.25,Ecospirituality
4494,-0.5625,0.125,0,Ecoscience
4495,-0.5625,0.1875,0.5625,Earth Justice
4496,-0.125,-0.375,0.4375,Indigenous Justice
4497,-0.1875,-0.1875,0.3125,Earth Justice
4498,-0.25,-0.25,-0.25,Ecospirituality
4504,0,0,0,Other
4506,-0.5625,0.125,0.5625,Earth Justice
4507,-0.1875,0.3125,0.625,Science Policy
4508,0.125,-0.25,-0.125,Other
4509,0.25,0.0625,-0.3125,Science for Humanity
4510,0,0,-0.125,Other
4512,-0.125,0,-0.125,Other
4513,-0.1875,-0.0625,-0.25,Small Green Steps
4514,-0.3125,-0.375,0.3125,Ecospirituality
4515,-0.1875,-0.0625,-0.0625,Other
4516,0,0,0.0625,Other
4517,-0.625,-0.875,-0.125,Ecospirituality
4522,-0.4375,0,0,Ecoscience
4523,0,0.0625,-0.25,Other
4525,-0.25,0.0625,-0.1875,Small Green Steps
4526,-0.625,-0.4375,-0.375,Ecospirituality
4530,-0.0625,0.1875,-0.3125,Small Green Steps
4531,0.625,0,0.375,Science for Humanity
4535,-0.0625,-0.375,0.8125,Indigenous Justice
4540,-0.625,-0.375,0.3125,Ecospirituality
4547,-0.4375,-0.5625,-0.1875,Ecospirituality
4554,-0.1875,-0.125,-0.3125,Small Green Steps
4565,-0.4375,-0.1875,0.375,Earth Justice
4570,-0.375,-0.4375,0.3125,Ecospirituality
4581,-0.6875,-0.1875,-0.25,Small Green Steps
4585,0,-0.25,0,Other
4592,0.125,-0.125,0.4375,Indigenous Justice
4594,0,-0.0625,0,Other
4595,-0.25,0.0625,-0.4375,Small Green Steps
4596,-0.0625,-0.5,0.5,Indigenous Justice
4598,-0.125,-0.1875,-0.1875,Ecospirituality
4599,-0.125,-0.1875,-0.1875,Ecospirituality
4600,-0.125,0,0.125,Other
4603,-0.5,0.125,0.0625,Ecoscience
4606,-0.1875,0.1875,0.3125,Earth Justice
4617,-0.5,0.0625,0.125,Earth Justice
4618,-0.25,0,0.25,Earth Justice
4619,-0.5,-0.0625,-0.125,Small Green Steps
4620,-0.1875,0.25,-0.3125,Small Green Steps
4624,-0.25,0,-0.1875,Small Green Steps
4625,-0.5625,0.125,-0.9375,Small Green Steps
4626,0.1875,0.0625,-0.3125,Other
4627,-0.4375,0.125,-0.1875,Small Green Steps
4628,0.125,0.0625,0.4375,Science Policy
4629,0,-0.1875,-0.125,Other
4630,-0.375,-0.375,0,Ecospirituality
4635,0,-0.0625,-0.1875,Other
4637,-0.5625,-0.6875,0.0625,Ecospirituality
4656,0.3125,0.25,0.375,Science Policy
4666,-0.25,0.625,0.25,Ecoscience
4670,0,0.0625,0.375,Science Policy
4672,-0.125,-0.125,0.1875,Earth Justice
4677,-0.25,0.3125,0.9375,Science Policy
4681,-0.0625,0.125,-0.0625,Other
4682,0.1875,0.375,-0.25,Science for Humanity
4683,-0.0625,0.125,0.0625,Other
4692,-0.0625,-0.0625,-0.25,Small Green Steps
4693,-0.0625,-0.0625,-0.25,Small Green Steps
4696,0.25,0.375,-0.125,Science for Humanity
4700,-0.375,0.125,0.1875,Earth Justice
4711,0.125,0.625,0.75,Science Policy
4721,0.4375,0.5,-0.1875,Science for Humanity
4722,0.0625,0,-0.3125,Other
4723,-0.3125,-0.3125,-0.0625,Ecospirituality
4728,0.3125,0.4375,-0.1875,Science for Humanity
4730,-0.3125,0.25,-0.0625,Ecoscience
4736,-0.4375,0,0.125,Earth Justice
4737,-0.0625,-0.4375,1,Indigenous Justice
4738,0.3125,0,-0.4375,Science for Humanity
4739,-0.4375,0.0625,-0.3125,Small Green Steps
4741,0,-0.125,0.3125,Indigenous Justice
4742,-0.25,0.0625,-0.125,Small Green Steps
4743,-0.3125,-0.1875,-0.0625,Ecospirituality
4744,0.125,0.125,0,Other
4745,0.1875,-0.1875,0.1875,Indigenous Justice
4746,-0.5,0.0625,0,Ecoscience
4747,0,-0.125,0.125,Other
4748,-0.0625,0.0625,0.3125,Earth Justice
4749,0,0.125,0.4375,Science Policy
4750,0.125,0,-0.0625,Other
4751,0,-0.125,-0.125,Other
4752,-0.3125,-0.1875,0.1875,Ecospirituality
4753,-0.3125,0,0.0625,Earth Justice
4754,0,0.75,0,Ecoscience
4755,-0.3125,-0.3125,-0.1875,Ecospirituality
4756,-0.125,0.0625,0.125,Other
4757,-0.25,-0.1875,0.25,Earth Justice
4758,-0.25,-0.375,0.125,Ecospirituality
4759,0.0625,-0.125,0.25,Indigenous Justice
4761,-0.125,-0.4375,0.3125,Indigenous Justice
4762,-0.625,-0.5,-0.25,Ecospirituality
4763,-0.4375,-0.4375,-0.0625,Ecospirituality
4764,-0.5625,-0.125,0.5,Earth Justice
4765,-0.25,-0.3125,0.6875,Indigenous Justice
4770,-0.4375,-0.0625,-0.1875,Small Green Steps
4771,-0.125,-0.4375,0.8125,Indigenous Justice
4775,-0.625,-0.0625,0.3125,Earth Justice
4776,-0.0625,0.125,0.1875,Science Policy
4778,0,-0.125,-0.0625,Other
4785,-0.25,-0.4375,0.25,Ecospirituality
4789,-0.1875,0.0625,0.0625,Other
4800,-0.3125,-0.4375,0.625,Indigenous Justice
4801,-0.125,0.375,0.125,Ecoscience
4802,-0.375,-0.5,-0.1875,Ecospirituality
4803,-0.25,0.25,-0.1875,Ecoscience
4804,-0.5,-0.25,-0.5,Small Green Steps
4805,-0.0625,0.0625,0.0625,Other
4806,-0.625,0.1875,-0.3125,Small Green Steps
4807,-0.0625,0.125,-0.0625,Other
4808,-0.0625,0.125,-0.3125,Small Green Steps
4810,-0.25,0.4375,0.375,Science Policy
4811,-0.8125,-0.3125,0.3125,Ecospirituality
4812,-0.1875,0.3125,-0.25,Ecoscience
4816,-0.125,-0.125,-0.125,Other
4817,0,0.125,-0.375,Small Green Steps
4819,-0.3125,0.0625,-0.25,Small Green Steps
4820,-0.5625,0.125,0.3125,Earth Justice
4821,-0.375,-0.1875,-0.6875,Small Green Steps
4824,0.125,0.3125,0.0625,Science for Humanity
4826,-0.5,-0.1875,-0.0625,Ecospirituality
4827,-0.4375,0.3125,0.125,Ecoscience
4828,-0.1875,0.5625,0.25,Science Policy
4839,-0.375,-0.125,0.625,Earth Justice
4841,-0.4375,-0.25,0.1875,Ecospirituality
4848,-0.25,-0.3125,0.0625,Ecospirituality
4858,0,0,0,Other
4859,-0.4375,-0.375,1,Earth Justice
4860,-0.625,-0.25,-0.0625,Ecospirituality
4862,0.25,-0.125,-0.125,Other
4863,-0.4375,-0.125,-0.0625,Ecospirituality
4864,0,0,0.1875,Other
4865,0,0.25,0.0625,Science Policy
4866,-0.0625,-0.1875,0.375,Indigenous Justice
4867,-0.1875,0.1875,0,Ecoscience
4868,0,0.0625,0,Other
4869,-0.375,-0.25,-0.5,Small Green Steps
4870,-0.0625,-0.0625,0.375,Earth Justice
4873,-0.3125,0.4375,0.1875,Ecoscience
4874,-0.1875,0.125,-0.3125,Small Green Steps
4875,-0.375,-0.25,-0.125,Ecospirituality
4876,-0.3125,0.125,-0.25,Small Green Steps
4878,-0.125,0.25,-0.1875,Ecoscience
4879,0.0625,-0.0625,0,Other
4880,0.0625,0.125,0.0625,Other
4881,-0.1875,0.375,0.3125,Science Policy
4884,0.125,0.25,0.0625,Science for Humanity
4886,-0.25,0.0625,0.25,Earth Justice
4890,0,0.0625,-0.375,Small Green Steps
4900,-0.125,-0.125,0,Other
4901,0.1875,0,0.125,Other
4902,-0.5,-0.125,0.3125,Earth Justice
4903,0.3125,0,0.125,Science for Humanity
4906,0.1875,0,0.125,Other
4908,0.125,-0.0625,-0.5,Small Green Steps
4909,-0.25,-0.25,-0.0625,Ecospirituality
4910,-0.125,0.0625,0.1875,Earth Justice
4911,0.125,-0.375,0.5625,Indigenous Justice
4912,-0.375,-0.3125,0.625,Earth Justice
4916,-0.0625,0.25,0.125,Science Policy
4917,-0.1875,-0.125,-0.0625,Ecospirituality
4918,0.125,0.1875,0,Science for Humanity
4920,-0.3125,-0.375,0.375,Indigenous Justice
4921,-0.25,-0.125,0.1875,Earth Justice
4922,-0.125,-0.5,0.3125,Indigenous Justice
4923,0.125,0.3125,-0.125,Science for Humanity
4926,-0.875,-0.4375,0.25,Ecospirituality
4928,0.0625,0.125,-0.125,Other
4930,-0.125,-0.25,-0.1875,Ecospirituality
4931,-0.3125,0,0.3125,Earth Justice
4932,0.125,-0.0625,0.4375,Indigenous Justice
4933,0.0625,-0.25,0.25,Indigenous Justice
4935,-0.5,-0.125,0.4375,Earth Justice
4936,-0.4375,-0.125,0.3125,Earth Justice
4937,0.0625,-0.0625,0.125,Other
4938,-0.125,0.3125,-0.0625,Ecoscience
4939,0.1875,0,0.0625,Other
4940,0.5625,0.25,-0.25,Science for Humanity
4941,-0.0625,0.3125,-0.3125,Ecoscience
4942,-0.1875,0.0625,0.3125,Earth Justice
4943,-0.3125,0.3125,0.125,Ecoscience
4944,0.0625,-0.1875,0,Other
4945,0.25,-0.375,0.1875,Indigenous Justice
4946,-0.25,0.125,-0.125,Ecoscience
4947,-0.0625,0.375,0,Ecoscience
4948,0.0625,0.1875,-0.125,Other
4949,-0.0625,0.125,0.375,Science Policy
4950,-0.1875,0,-0.25,Small Green Steps
4951,0.25,0.1875,-0.4375,Science for Humanity
4952,0,0.1875,0.1875,Science Policy
4953,-0.125,0.25,0.3125,Science Policy
4954,0.3125,0,0,Science for Humanity
4955,-0.1875,0.0625,0.3125,Earth Justice
4956,-0.0625,0.3125,0.0625,Ecoscience
4957,0,-0.5,0.3125,Indigenous Justice
4958,-0.125,0.0625,-0.125,Other
4959,0.125,-0.125,-0.1875,Other
4960,0,-0.1875,-0.0625,Other
4961,-0.25,-0.0625,-0.125,Small Green Steps
4962,-0.0625,0.4375,-0.25,Ecoscience
4963,-0.0625,-0.3125,-0.3125,Ecospirituality
4965,-0.4375,-0.125,0.125,Ecospirituality
4966,-0.125,0.3125,0.5625,Science Policy
4967,-0.4375,-0.4375,-0.25,Ecospirituality
4968,-0.1875,0.125,0,Ecoscience
4976,0.125,-0.125,0.0625,Other
4977,0,0.0625,0,Other
4979,0.0625,0,0.125,Other
4980,-0.0625,-0.0625,-0.1875,Other
4981,-0.0625,0,0.3125,Earth Justice
4982,0,0,-0.125,Other
4983,-0.125,-0.0625,0.3125,Earth Justice
4985,-0.0625,0,-0.125,Other
4990,-0.0625,0,-0.0625,Other
4991,-0.125,-0.125,0.1875,Earth Justice
4992,-0.125,0,0.1875,Earth Justice
4993,-0.625,-0.5625,0,Ecospirituality
4994,-0.0625,-0.5625,0.75,Indigenous Justice
4995,-0.4375,0.125,0.6875,Earth Justice
4996,-0.1875,0,-0.375,Small Green Steps
4997,0,0.25,0.125,Science Policy
4998,-0.375,-0.125,0.5,Earth Justice
5000,-0.125,-0.1875,0.125,Ecospirituality
5001,-0.3125,-0.25,0.3125,Earth Justice
5002,0,-0.5,0.125,Indigenous Justice
5003,0.0625,0.125,0,Other
5004,-0.25,0.0625,-0.1875,Small Green Steps
5005,0.25,0.4375,-0.125,Science for Humanity
5006,-0.3125,0.0625,0,Ecoscience
5007,-0.0625,0.125,0,Other
5008,0.0625,0.125,-0.3125,Other
5009,0,0,0,Other
5010,-0.1875,-0.0625,0.125,Earth Justice
5011,-0.125,-0.0625,-0.0625,Other
5012,0.0625,0,0,Other
5013,-0.1875,-0.1875,0.1875,Ecospirituality
5014,-0.0625,0.125,-0.0625,Other
5015,-0.1875,0,-0.0625,Other
5016,-0.0625,-0.1875,-0.1875,Other
5017,-0.1875,-0.125,-0.1875,Small Green Steps
5018,-0.0625,-0.0625,0.125,Other
5019,-0.375,0.0625,-0.125,Small Green Steps
5020,0,0,0,Other
5021,0,0.4375,-0.0625,Ecoscience
5022,-0.125,-0.0625,-0.0625,Other
5023,0.0625,0,0,Other
5024,0.125,0,-0.25,Other
5025,-0.125,0.125,-0.4375,Small Green Steps
5026,-0.1875,0.0625,0.9375,Earth Justice
5027,-0.4375,0.625,0.6875,Science Policy
5028,-0.375,0,-0.0625,Small Green Steps
5029,-0.125,-0.5625,-0.1875,Ecospirituality
5031,-0.3125,-0.375,-0.5625,Small Green Steps
5032,-0.5625,-0.3125,0.6875,Earth Justice
5033,-0.5625,-0.3125,0.6875,Earth Justice
5034,0.3125,0.0625,0.6875,Science Policy
5035,-0.5,-0.3125,0.625,Earth Justice
5036,0,-0.125,-0.6875,Small Green Steps
5037,-0.4375,0,0.9375,Earth Justice
5038,0.1875,-0.1875,-0.125,Other
5039,-0.375,-0.1875,0.6875,Earth Justice
5040,-0.375,-0.125,0.5,Earth Justice
5041,0,-0.1875,0.1875,Indigenous Justice
5042,-0.125,0.0625,0.125,Other
5043,-0.3125,-0.25,0.125,Ecospirituality
5044,-0.125,0.0625,0.6875,Earth Justice
5045,-0.25,0.125,-0.3125,Small Green Steps
5046,0.25,-0.125,0.125,Other
5047,0,-0.25,-0.0625,Other
5049,-0.4375,-0.3125,0.3125,Ecospirituality
5050,0.125,0.0625,-0.1875,Other
5051,-0.0625,0.125,0.4375,Science Policy
5054,-0.1875,-0.25,0.25,Indigenous Justice
5055,-0.5,-0.125,-0.25,Small Green Steps
5056,0.1875,0,0.6875,Indigenous Justice
5057,0,-0.3125,0.75,Indigenous Justice
5058,-0.6875,-0.6875,0.875,Earth Justice
5059,-0.1875,0.4375,-0.3125,Ecoscience
5060,-0.25,-0.25,1,Earth Justice
5061,-0.5625,-0.125,0.5,Earth Justice
5062,-0.3125,0.625,0.6875,Science Policy
5063,-0.1875,0.125,0.375,Earth Justice
5064,-0.125,-0.5625,-0.125,Ecospirituality
5065,0.1875,0,-0.3125,Other
5066,-0.375,-0.0625,0.8125,Earth Justice
5067,-0.125,-0.25,-0.1875,Ecospirituality
5068,-0.3125,-0.0625,-0.4375,Small Green Steps
5070,-0.125,-0.3125,0,Ecospirituality
5071,-0.0625,0.3125,-0.375,Small Green Steps
5073,-0.625,0.25,-0.3125,Small Green Steps
5074,-0.25,0.1875,0.375,Earth Justice
5075,-0.625,-0.25,-0.5625,Small Green Steps
5076,-0.3125,-0.3125,0.1875,Ecospirituality
5077,-0.625,-0.5,0.75,Earth Justice
5078,-0.625,-0.125,0.75,Earth Justice
5079,-0.125,-0.0625,-0.125,Other
5080,-0.5625,-0.0625,0.1875,Earth Justice
5081,-0.3125,-0.375,-0.3125,Ecospirituality
5082,-0.8125,-1,-0.375,Ecospirituality
5083,0.125,0,-0.0625,Other
5085,-0.4375,-0.3125,0.1875,Ecospirituality
5086,0,0,-0.1875,Other
5087,-0.3125,-0.125,0.5625,Earth Justice
5088,0.1875,-0.5625,0.6875,Indigenous Justice
5089,-0.5,-0.375,0.9375,Earth Justice
5090,-0.6875,0.375,0.625,Earth Justice
5092,-0.4375,-0.0625,0.4375,Earth Justice
5093,0,0.1875,0.3125,Science Policy
5094,0.125,0,0.8125,Indigenous Justice
5095,-0.375,-0.0625,0.5625,Earth Justice
5096,-0.375,0.125,-0.375,Small Green Steps
5097,-0.3125,-0.0625,0.625,Earth Justice
5098,-0.625,-0.1875,0.375,Earth Justice
5099,-0.25,-0.125,0.125,Ecospirituality
5100,-0.1875,0.125,-0.375,Small Green Steps
5103,-0.125,0.0625,0.375,Earth Justice
5104,-0.1875,0.4375,0.5625,Science Policy
5105,-0.0625,-0.375,0.25,Indigenous Justice
5106,-0.375,-0.4375,0.0625,Ecospirituality
5107,0,-0.4375,-0.25,Ecospirituality
5108,0,-0.4375,-0.25,Ecospirituality
5109,-0.125,-0.375,0.8125,Indigenous Justice
5110,-0.1875,-0.125,0.125,Ecospirituality
5111,-0.8125,-0.4375,0.125,Ecospirituality
5113,-0.125,0,-0.25,Small Green Steps
5114,-0.1875,-0.125,0.1875,Earth Justice
5115,0.0625,0.125,-0.125,Other
5116,-0.625,-0.3125,0.4375,Earth Justice
5117,-0.375,0,0.0625,Earth Justice
5118,-0.0625,-0.3125,0.75,Indigenous Justice
5119,0,-0.125,-0.0625,Other
5121,0.375,-0.3125,-0.4375,Other
5122,-0.125,0.3125,0.1875,Science Policy
5123,-0.5,-0.5625,0.5625,Indigenous Justice
5124,-0.1875,-0.25,-0.0625,Ecospirituality
5125,-0.5625,-0.25,0.5625,Earth Justice
5126,-0.625,0.125,0.1875,Earth Justice
5127,-0.1875,0.125,-0.1875,Small Green Steps
5128,-0.25,0.3125,0.8125,Science Policy
5129,-0.4375,-0.25,0.75,Earth Justice
5130,0.125,0.1875,0.625,Science Policy
5131,0,-0.125,0,Other
5132,0.1875,0.125,-0.125,Science for Humanity
5133,0,0.125,0.1875,Science Policy
5134,-0.375,0.125,0.125,Ecoscience
5138,-0.0625,-0.1875,0.0625,Other
5139,-0.125,0.0625,0.4375,Earth Justice
5140,0,0,0.9375,Earth Justice
5141,-0.3125,-0.375,0.3125,Ecospirituality
5144,-0.4375,-0.3125,0.8125,Earth Justice
5145,-0.3125,-0.375,0.75,Indigenous Justice
5146,-0.5,0.125,0.75,Earth Justice
5147,0,0.0625,0,Other
5148,-0.0625,-0.1875,0.5625,Indigenous Justice
5149,-0.1875,0.1875,0,Ecoscience
5150,0,0.1875,-0.0625,Other
5151,-0.1875,-0.1875,-0.5625,Small Green Steps
5152,0.125,0.1875,-0.0625,Science for Humanity
5153,0.0625,0.0625,0.1875,Other
5154,-0.125,0,0.125,Other
5155,0,0.0625,0.3125,Science Policy
5156,-0.1875,-0.3125,0.375,Indigenous Justice
5157,-0.25,0,0,Other
5158,-0.3125,-0.375,0.875,Indigenous Justice
5160,0.375,-0.3125,-0.4375,Other
5161,-0.625,-0.5,0.1875,Ecospirituality
5162,-0.0625,0.125,-0.25,Small Green Steps
5163,-0.125,-0.25,-0.0625,Ecospirituality
5164,0.1875,0.25,0.5,Science Policy
5165,-0.6875,-0.0625,-0.125,Small Green Steps
5166,0,0.4375,0.25,Science Policy
5167,-0.125,-0.5,-0.3125,Ecospirituality
5170,0.1875,0.625,0.125,Science for Humanity
5171,-0.5,0.125,0.5625,Earth Justice
5177,-0.6875,-0.25,1,Earth Justice
5178,0.1875,-0.4375,0.6875,Indigenous Justice
5179,-0.5625,0.3125,0.125,Ecoscience
5181,-0.5,-0.375,0.75,Earth Justice
5184,-0.3125,-0.4375,0.5625,Indigenous Justice
5185,0.1875,-0.375,0.8125,Indigenous Justice
5186,-0.75,-0.5625,0.25,Ecospirituality
5187,-0.3125,-0.5,0.875,Indigenous Justice
5188,0.0625,0.5,0.5,Science Policy
5189,-0.0625,-0.0625,0.5625,Earth Justice
5190,-0.4375,0.0625,-0.25,Small Green Steps
5191,-0.125,-0.5,0.1875,Indigenous Justice
5193,-0.1875,0,0.75,Earth Justice
5194,-0.875,-0.25,0.375,Earth Justice
5195,-0.75,0,0.3125,Earth Justice
5196,-0.375,0,0.375,Earth Justice
5197,-0.4375,0.125,0.3125,Earth Justice
5198,-0.625,-0.125,0.6875,Earth Justice
5199,-0.1875,-0.0625,0.1875,Earth Justice
5200,0.0625,0,0,Other
5201,0.0625,0.625,0.25,Science Policy
5202,0.3125,-0.4375,0.25,Indigenous Justice
5203,0.3125,0,0.8125,Indigenous Justice
5204,0.1875,-0.375,0.8125,Indigenous Justice
5205,-0.6875,-0.8125,0,Ecospirituality
5206,-0.375,-0.25,0.25,Ecospirituality
5207,-0.375,0.3125,0.4375,Earth Justice
5210,-0.25,-0.1875,-0.1875,Ecospirituality
5212,-0.3125,-0.25,-0.125,Ecospirituality
5213,-0.875,-1,-0.5625,Ecospirituality
5214,-0.125,-0.375,-0.1875,Ecospirituality
5219,-0.0625,0,-0.4375,Small Green Steps
5221,-0.5,0.1875,0.25,Earth Justice
5224,-0.5625,-0.1875,-0.3125,Small Green Steps
5227,-0.0625,-0.0625,0.1875,Other
5228,0.0625,-0.0625,-0.1875,Other
5229,0.25,-0.25,-0.25,Other
5233,0,-0.3125,-0.3125,Ecospirituality
5234,-0.3125,0,0.375,Earth Justice
5237,-0.1875,0.1875,0,Ecoscience
5238,0,0.125,-0.5625,Small Green Steps
5240,-0.6875,-0.1875,0.5625,Earth Justice
5241,-0.3125,-0.0625,-0.0625,Ecospirituality
5242,-0.5,-0.375,-0.25,Ecospirituality
5243,-0.5,-0.125,-0.3125,Small Green Steps
5246,-0.4375,-0.125,-0.375,Small Green Steps
5247,-0.5625,-0.0625,0,Ecospirituality
5248,-0.375,-0.3125,-0.75,Small Green Steps
5250,-0.4375,-0.3125,0.1875,Ecospirituality
5251,-0.0625,0.3125,-0.25,Ecoscience
5254,-0.3125,-0.25,-0.375,Small Green Steps
5256,-0.1875,0.1875,-0.375,Small Green Steps
5257,-0.1875,0.125,-0.0625,Ecoscience
5262,-0.25,-0.375,0.5625,Indigenous Justice
5263,-0.875,-0.625,0.625,Ecospirituality
5264,-0.25,-0.0625,-0.3125,Small Green Steps
5265,0.125,0.0625,-0.0625,Other
5266,-0.125,0.125,0.1875,Earth Justice
5269,-0.3125,-0.25,-0.125,Ecospirituality
5271,-0.125,-0.125,-0.125,Other
5275,-0.125,0.125,0,Other
5277,-0.125,0.25,-0.375,Small Green Steps
5279,-0.25,-0.25,-0.4375,Small Green Steps
5280,-0.1875,0.5,-0.25,Ecoscience
5286,-0.1875,0,0.375,Earth Justice
5290,-0.375,-0.0625,0.25,Earth Justice
5292,0.25,-0.125,0.125,Other
5295,-0.6875,-0.5625,-0.5,Ecospirituality
5299,-0.1875,0.0625,-0.4375,Small Green Steps
5304,-0.1875,-0.5,-0.0625,Ecospirituality
5308,-0.4375,-0.125,-0.0625,Ecospirituality
5309,-0.5,-0.3125,-0.3125,Ecospirituality
5312,-0.5625,-0.125,-0.3125,Small Green Steps
5313,-0.5625,-0.125,-0.1875,Small Green Steps
5314,0.5,0.8125,0.25,Science for Humanity
5315,0,0.1875,-0.125,Other
5316,0,-0.375,-0.3125,Ecospirituality
5318,0.5,0.375,0.625,Science Policy
5319,-0.25,0,-0.125,Small Green Steps
5320,0.1875,-0.0625,-0.125,Other
5322,-0.25,0.125,-0.1875,Small Green Steps
5323,-0.4375,0.4375,-0.0625,Ecoscience
5325,0.1875,0.125,0.0625,Science for Humanity
5329,0,0.3125,0.25,Science Policy
5330,0.4375,-0.0625,-0.125,Science for Humanity
5331,-0.25,0.25,0,Ecoscience
5334,-0.5,0.5,0.875,Earth Justice
5339,-0.5,0.4375,-0.1875,Ecoscience
5340,0.125,-0.1875,0.0625,Other
5343,0.3125,0.875,-0.125,Science for Humanity
5344,-0.5625,0.4375,-0.3125,Ecoscience
5345,-0.5,0.875,0.875,Science Policy
5349,-0.4375,0,-0.375,Small Green Steps
5351,0,-0.5625,-0.25,Ecospirituality
5355,0.0625,0.125,0.0625,Other
5356,-0.0625,-0.0625,0.1875,Other
5357,-0.4375,0,-0.4375,Small Green Steps
5359,-1,-0.4375,-0.5,Small Green Steps
5360,-0.3125,0.0625,-0.25,Small Green Steps
5362,-0.6875,-0.1875,-0.375,Small Green Steps
5365,-0.5,0,0.5,Earth Justice
5367,0.0625,-0.0625,0.125,Other
5372,-0.8125,-0.3125,-0.375,Small Green Steps
5373,-0.8125,-0.375,-0.5625,Small Green Steps
5374,-0.75,-0.25,-0.4375,Small Green Steps
5377,-0.3125,-0.3125,-0.25,Ecospirituality
5380,0.5,1,0.4375,Science for Humanity
5381,-0.25,-0.3125,0.0625,Ecospirituality
5382,-0.3125,0.375,0.1875,Ecoscience
5385,0.1875,0.5,0.25,Science Policy
5386,0,0,-0.25,Other
5387,-0.3125,-0.25,0.3125,Earth Justice
5389,0.0625,0.25,-0.125,Science for Humanity
5395,0.125,-0.3125,0.125,Indigenous Justice
5403,-0.0625,-0.0625,0.1875,Other
5406,-0.0625,0.8125,0.375,Science Policy
5408,0.3125,0,-0.3125,Science for Humanity
5409,-0.3125,0.375,0.375,Science Policy
5410,-0.125,-0.0625,-0.0625,Other
5411,0.0625,0.1875,-0.0625,Other
5412,-0.3125,0.6875,0.625,Science Policy
5414,-0.1875,-0.3125,-0.25,Ecospirituality
5418,-0.625,0.1875,0,Ecoscience
5420,-0.25,0.125,-0.25,Small Green Steps
5421,-0.1875,-0.375,-0.125,Ecospirituality
5434,-0.125,0.3125,0,Ecoscience
5438,0.0625,-0.0625,-0.1875,Other
5442,-0.125,0,0,Other
5443,-0.125,0.3125,-0.1875,Ecoscience
5444,-0.125,0.3125,0.25,Science Policy
5445,-0.125,-0.0625,-0.0625,Other
5449,-0.625,-0.125,0.25,Earth Justice
5450,-0.1875,0.9375,0,Ecoscience
5451,-0.0625,0.3125,-0.1875,Ecoscience
5453,-0.0625,0.125,0.25,Science Policy
5454,-0.0625,-0.0625,0.0625,Other
5458,0.25,0.25,0.1875,Science for Humanity
5459,-0.5,-0.125,-0.375,Small Green Steps
5463,0,-0.3125,0.0625,Indigenous Justice
5464,-0.1875,-0.0625,-0.0625,Other
5465,-0.0625,0.1875,-0.125,Other
5466,-0.25,0.1875,0.1875,Ecoscience
5467,-0.375,-0.125,-0.125,Ecospirituality
5468,-0.3125,0.3125,-0.1875,Ecoscience
5469,-0.5625,0.0625,-0.3125,Small Green Steps
5470,0.5,0.8125,0.25,Science for Humanity
5472,-0.0625,0.4375,0.25,Science Policy
5473,-0.1875,0.25,0,Ecoscience
5476,-0.5625,0.375,0.4375,Earth Justice
5477,0.0625,0.625,0.75,Science Policy
5478,-0.375,0,0.3125,Earth Justice
5479,0.0625,-0.25,0,Other
5480,-0.1875,-0.0625,-0.1875,Small Green Steps
5481,-0.1875,-0.25,-0.1875,Ecospirituality
5482,-0.3125,0.3125,0.1875,Ecoscience
5483,0,0.4375,0.25,Science Policy
5485,-0.3125,0.3125,0.75,Earth Justice
5486,-0.1875,0.3125,0.3125,Science Policy
5487,0.375,1,0.1875,Science for Humanity
5489,0,-0.0625,-0.0625,Other
5491,-0.125,-0.125,0.75,Earth Justice
5492,-0.125,-0.1875,-0.125,Ecospirituality